{"file_hashes":[{"block_hashes":["i4JGg21falOvJFlGwBIH49/b27WBq1WnWKdXKXcIGM4="],"block_size":4096,"path":"_locales/vn/messages.json"},{"block_hashes":["PDAH4kKjbpIAQ2fKWHVyNY0sLzpoVQ8ZQBoW0ta23mM="],"block_size":4096,"path":"_locales/zh_cn/messages.json"},{"block_hashes":["aQgZ4/2GLx63BkK1ZYh625ogs7hCKJd47HD3Og5XBrg="],"block_size":4096,"path":"_locales/zh_tw/messages.json"},{"block_hashes":["pkYW2CdK9G69rqAreaq6KQf/gcCPqGFtRD2baKYc3do=","Zzm7+uz/FLHrvQapGMtYc5iHs/f8KO/nQPfWE4yO5Vw=","zzVabI8dGbAFd62j3+hRxSpZhG1fKI3hVp3UkMtEQL4=","UkZ8HuYfjy3tAuB4Nvn3efuNARWX8ntY7dmcF9snquQ=","XP804FQkb+VXCZG/xuv+LD6ouc6DpFqWQcbX8Q2twMw=","+SsdinobAbVRfJScBCM+UO8fipMWDD8Lk4onAwvTrCs=","1liq0YmDG1D6H146PkE3O2IJg5UYx73RRI0PI1hAp0w=","du2HqiwuwNHZ95q3qsgH9lcFttsp7RMsY3DUB2AYlcg=","zGGQ3y07zOx0Naizx1GaHR7T12SqsuxxbK/Bqu4WhKc=","taC0G0t6+t5AWomO6t4+J3v6rcMh0AYxJsE/WYP084Y=","t+cEPV31d8k7qLMi68XHjP2hK4RW7Ig1olbSU4gh0I8="],"block_size":4096,"path":"background.js"},{"block_hashes":["FRuM4mj8vNOZdxrNqdl98KFDBt/OPjM16LUYgt7gzbE="],"block_size":4096,"path":"captured.html"},{"block_hashes":["lnfkZhALLHxl9Xw1yMR1jwJfMKfOu6VO8Yw286glzOE="],"block_size":4096,"path":"captured.js"},{"block_hashes":["edwPh4JlgFEH5DZpUBkm1XOIdDouychrR4EOzDCU7S4=","tRUbp3q7U+3Fp/UekqrZIKItJg5zoA8nw7uQZC/HUhg=","eACPkeXpRAS3gruwHHwbXS0edMahD41Hr88ndlIXa5w="],"block_size":4096,"path":"content.js"},{"block_hashes":["23Ao3ELCEJ93OXLu1woPpSiv5wF3D/1sTBH5G322Tdk="],"block_size":4096,"path":"document.js"},{"block_hashes":["oCLe0k4uK16MA4gQn0YXZHtyqaBlQPQ4sCQ5hao/xD4="],"block_size":4096,"path":"images/headBkgd.gif"},{"block_hashes":["L5TUI5FLWgvBWExSITyo630Sb0f+fyiA1z3CxdoAlAc=","+KRgcR54R2jXElJBVZ1Sgtm+u9s0rXLXzCGjj+GskpQ=","2HR20DovSWX9oOpI37+mOMQ1Gy97EYVTIeG6UBsNtAc=","OI4G2JVsHZAdl6YQSTUwDjjv2QKGf3a0y4C3yRa8Rdw="],"block_size":4096,"path":"images/headTitle.gif"},{"block_hashes":["SnqpFIv/oiDgHqEG367EMqQtjVUAWtprb0e8BY3MalA="],"block_size":4096,"path":"images/logoTonec.gif"},{"block_hashes":["sauKTw60smOgnSEmGFJ3H5ge3jVJA3ogzcV3QK3k5iM="],"block_size":4096,"path":"welcome.html"},{"block_hashes":["9dA8+tIFVN4F+e6yQDUa7dIapvPCwiUIBXZhFxpQjNQ="],"block_size":4096,"path":"welcome.js"}],"version":2}